,400001,400017,400030,400040,400045,400052,400057,400059,400065,400069,400073,400084,400085,400088,400096,400097,400100,400104,400109,400122,400147,400148,400149,400158,400160,400168,400172,400174,400178,400185,400201,400206,400209,400213,400221,400222,400227,400236,400238,400240,400246,400253,400257,400258,400268,400274,400278,400280,400292,400296,400298,400330,400336,400343,400353,400372,400394,400400,400414,400418,400429,400435,400436,400440,400449,400457,400461,400464,400479,400485,400499,400507,400508,400514,400519,400528,400545,400560,400563,400567,400581,400582,400586,400637,400643,400648,400649,400654,400664,400665,400668,400673,400677,400687,400688,400690,400700,400709,400713,400714,400715,400717,400723,400743,400750,400760,400772,400790,400792,400794,400799,400804,400822,400823,400828,400832,400837,400842,400863,400869,400873,400895,400904,400907,400911,400916,400922,400934,400951,400952,400953,400964,400965,400970,400971,400973,400995,400996,401014,401129,401154,401163,401167,401210,401224,401327,401351,401388,401391,401400,401403,401440,401457,401464,401489,401495,401507,401534,401541,401555,401560,401567,401597,401606,401611,401655,401808,401809,401810,401811,401816,401817,401845,401846,401890,401891,401906,401908,401926,401936,401937,401942,401943,401948,401957,401958,401994,401996,401997,401998,402056,402057,402058,402059,402060,402061,402067,402117,402118,402119,402120,402121,402281,402282,402283,402284,402285,402286,402287,402288,402289,402359,402360,402361,402362,402363,402364,402365,402366,402367,402368,402369,402370,402371,402372,402373,403225,403265,403329,403401,403402,403404,403406,403409,403412,403414,403419,404370,404434,404435,404444,404451,404452,404453,404461,404462,404521,404522,404553,404554,404585,404586,404640,404753,404759,405613,405619,405701,407150,407151,407152,407153,407155,407157,407161,407165,407172,407173,407174,407176,407177,407179,407180,407181,407184,407185,407186,407187,407190,407191,407194,407200,407202,407204,407206,407207,407321,407323,407325,407328,407331,407332,407335,407336,407337,407339,407341,407342,407344,407348,407352,407359,407360,407361,407364,407367,407370,407372,407373,407374,407710,407711,408907,408911,409524,409525,409526,409528,409529,413026,413845,413877,413878,414284,414694
2017-01-02 17:30:00,70.0,37.3,33.4,29.3,63.8,63.2,9.0,63.9,31.0,11.4,64.0,41.3,65.0,62.4,62.0,20.6,63.9,24.0,50.7,57.0,65.5,60.5,43.7,53.2,64.5,64.4,50.7,68.0,62.1,65.3,64.3,56.5,27.4,46.3,60.0,65.0,66.2,22.6,61.1,65.2,48.3,32.9,42.3,36.9,64.0,59.5,61.8,60.8,24.9,36.4,63.9,29.8,64.2,54.5,62.3,22.1,21.1,63.8,61.4,64.2,33.9,25.7,63.5,56.7,56.4,57.2,62.3,63.9,25.8,67.2,63.3,59.9,34.5,38.3,65.0,17.5,54.2,60.9,66.7,21.2,47.9,65.0,18.6,65.0,10.3,28.1,65.1,64.1,65.0,62.0,64.8,54.6,66.7,56.4,66.9,53.4,29.0,63.8,62.6,53.6,67.1,49.9,45.5,63.8,63.9,68.0,26.9,69.0,21.5,13.7,62.1,63.8,66.4,36.2,20.0,40.7,65.0,65.1,67.7,42.9,41.1,17.3,53.8,65.0,67.7,68.3,51.2,16.9,31.9,65.7,58.7,62.9,66.1,18.5,15.1,19.0,33.5,66.8,55.4,65.1,65.1,13.9,65.6,64.7,25.7,50.7,49.6,38.9,65.1,58.8,65.1,33.4,64.0,61.2,55.6,57.7,56.8,60.0,60.2,62.5,63.9,65.1,65.6,35.4,59.7,65.6,65.4,60.6,54.6,27.3,62.2,66.1,66.0,62.8,66.9,48.1,33.4,63.8,44.2,43.9,48.9,63.5,15.2,59.3,55.4,54.3,50.7,63.8,62.2,62.8,68.2,45.8,34.6,68.2,61.8,27.9,16.2,24.2,62.4,64.3,29.0,15.5,54.8,27.3,63.8,63.8,63.3,65.3,64.5,63.1,42.8,63.8,64.5,63.8,63.8,63.8,63.8,10.4,56.0,25.6,63.8,63.8,63.8,63.8,63.8,63.8,21.9,20.5,64.3,42.8,66.3,63.8,20.4,32.4,43.4,10.6,25.7,66.3,63.9,63.9,63.9,64.3,63.9,43.6,37.1,60.3,65.8,63.8,51.5,63.8,43.5,33.6,63.8,70.7,45.0,63.9,63.9,63.5,65.0,63.7,68.1,65.0,65.8,65.6,65.2,42.5,63.8,63.9,61.3,61.3,60.7,64.6,64.9,63.8,18.0,19.3,19.6,32.3,14.3,15.7,55.3,18.5,40.5,26.0,34.8,63.8,67.0,60.1,64.3,56.8,62.6,63.7,56.2,61.1,62.2,43.1,61.8,59.2,68.2,16.5,22.4,49.3,25.0,26.2,27.2,25.2,59.4,38.5,23.8,24.8,55.5,25.6,63.9,52.2,66.6,63.9,63.3,63.9,63.8,63.4,62.8,54.9,63.8,52.6,62.4
2017-01-09 17:30:00,69.3,22.4,38.2,61.3,56.2,59.8,36.4,48.7,20.0,11.4,62.1,26.5,54.8,62.3,59.9,19.7,60.9,20.8,50.7,57.7,51.5,56.8,44.0,49.8,58.8,58.1,14.2,67.1,59.4,63.8,57.8,43.1,26.7,48.5,61.3,59.3,60.4,20.0,50.5,61.2,32.2,23.5,33.8,38.3,59.3,52.0,61.0,65.4,34.5,37.7,62.0,25.4,61.6,38.4,52.6,10.3,21.5,60.2,59.2,61.9,26.3,25.2,65.6,42.6,52.5,57.7,52.6,59.2,30.1,63.3,61.8,63.2,25.7,36.3,65.0,18.4,45.7,59.2,65.8,31.6,36.2,18.3,18.8,43.0,17.7,21.8,56.1,62.0,56.6,60.5,60.6,38.4,66.8,51.4,63.4,53.4,27.6,37.3,60.9,42.4,59.5,50.3,44.7,25.3,49.8,68.4,26.9,62.1,25.5,16.6,63.6,63.8,64.4,24.8,13.8,57.6,60.2,65.1,66.1,26.8,39.8,13.7,53.0,51.2,65.6,65.0,34.9,17.6,63.5,62.9,60.7,59.2,64.4,19.5,25.3,18.5,34.7,64.9,48.7,65.1,65.1,17.1,67.4,63.3,23.4,29.0,24.1,33.3,65.1,55.1,65.1,28.8,44.5,64.0,63.1,55.1,54.2,54.1,60.6,55.5,63.9,57.9,57.5,36.0,59.3,65.6,63.0,44.6,58.5,24.3,60.5,64.0,64.7,62.9,64.1,36.0,26.0,63.8,44.6,46.1,47.1,57.9,16.4,50.9,55.9,52.0,35.2,57.3,58.0,58.4,65.9,28.0,28.3,67.8,60.5,33.8,17.6,22.1,67.3,59.7,27.5,17.3,62.4,18.5,60.3,28.2,61.5,60.3,44.8,61.4,37.6,63.8,64.5,63.8,61.0,45.0,63.1,10.6,47.9,29.8,61.1,47.0,63.8,43.0,56.5,35.0,18.6,21.1,67.4,45.2,66.5,46.1,22.9,34.4,45.0,13.5,26.9,67.0,62.2,65.3,50.3,55.7,63.9,50.7,31.7,55.8,58.8,57.5,49.1,37.5,36.0,31.7,60.7,67.2,38.0,62.6,42.4,64.6,63.8,62.2,66.1,63.5,64.3,65.0,65.5,48.7,63.8,52.3,56.8,61.2,60.2,63.3,61.7,60.3,57.7,56.2,18.7,18.5,24.3,19.0,54.3,19.1,37.6,24.2,30.5,34.4,65.0,64.3,67.9,56.1,63.2,63.7,55.0,55.8,61.5,59.1,60.1,57.8,68.3,68.0,20.8,53.0,16.3,24.2,26.6,23.5,60.0,36.1,33.6,29.8,42.5,34.2,63.1,47.2,65.5,65.5,64.8,24.4,39.1,62.2,49.5,56.8,58.8,55.7,61.9
2017-01-16 17:30:00,71.7,60.6,43.5,41.7,59.4,63.3,61.2,57.3,59.8,61.2,65.3,64.9,59.3,63.4,65.3,64.3,64.8,39.9,50.7,61.3,61.2,56.4,65.0,50.9,66.8,66.3,16.2,67.9,62.7,65.1,62.4,61.7,66.6,64.7,60.9,61.1,63.3,60.1,54.4,61.8,64.8,56.1,43.9,56.7,64.0,63.8,65.6,66.5,63.6,55.8,64.0,61.4,63.9,62.4,62.3,61.3,27.0,61.6,64.5,65.1,60.2,60.1,65.4,59.6,56.1,62.7,57.0,63.3,37.9,64.6,64.9,60.6,50.2,52.5,65.0,63.6,67.3,63.9,67.8,54.8,58.3,59.6,20.4,55.3,64.2,63.0,61.7,63.4,58.0,61.2,64.3,68.2,67.6,61.1,67.5,59.0,56.2,53.4,59.0,62.2,61.4,56.3,58.6,64.3,57.4,69.3,50.3,69.5,67.3,68.5,63.6,63.8,66.7,63.7,64.3,63.0,46.3,65.1,69.2,64.2,53.2,18.6,62.7,64.8,68.6,68.3,36.2,64.6,63.9,65.9,60.9,58.9,65.4,58.6,33.7,59.6,56.0,65.8,55.0,65.1,65.1,65.2,68.6,65.2,62.0,61.2,49.2,63.6,65.1,56.1,65.1,53.0,51.6,63.6,63.9,63.5,66.7,65.2,58.5,58.7,63.9,60.1,61.2,42.4,65.9,65.6,61.8,50.8,61.4,53.4,61.5,63.9,69.1,66.5,65.1,59.0,51.1,63.8,62.7,65.4,62.5,64.5,62.5,58.1,55.9,52.0,65.2,63.4,65.3,65.4,68.3,59.9,57.6,68.3,63.5,59.5,62.0,60.1,70.0,62.8,62.1,31.9,63.0,38.3,60.5,52.9,63.1,62.8,58.1,62.4,54.8,63.8,67.5,63.8,61.5,59.1,65.2,34.8,62.7,63.5,66.2,61.6,63.8,60.4,62.7,60.7,52.1,48.4,67.6,50.0,64.5,65.4,56.0,64.6,63.7,63.2,64.6,65.8,65.0,64.8,63.9,57.9,63.9,60.0,48.2,59.1,65.8,63.2,63.3,60.8,63.4,59.7,64.2,71.2,45.1,63.4,46.5,67.1,66.5,63.1,66.1,65.7,65.1,65.1,66.5,57.3,63.8,59.8,64.8,61.9,60.5,63.8,64.2,61.6,15.2,17.8,19.6,31.0,12.3,14.0,56.4,14.2,54.1,56.8,56.5,48.7,64.6,64.4,59.6,59.9,64.8,63.1,62.6,60.5,63.5,39.5,63.0,60.8,67.5,57.3,59.2,66.6,35.3,53.5,58.6,53.6,67.5,47.7,36.9,61.7,63.1,66.7,63.1,59.6,67.7,69.1,66.3,63.4,60.2,63.2,54.3,66.4,63.1,65.9,64.2
2017-01-23 17:30:00,72.4,20.7,36.3,32.7,55.7,62.5,57.4,47.7,25.6,11.8,62.2,27.6,51.1,63.3,61.1,26.0,62.0,23.4,50.7,57.3,59.5,61.3,57.6,27.8,59.4,63.8,13.3,66.7,63.6,65.3,64.6,25.4,42.6,52.1,64.0,57.4,67.0,23.7,53.3,64.7,59.8,20.7,33.5,51.7,62.3,56.3,62.8,68.9,34.0,34.6,63.0,24.9,63.2,40.7,61.7,10.4,22.9,62.3,62.5,66.1,31.9,30.6,67.2,49.4,49.6,62.0,56.8,64.7,30.9,65.5,64.4,63.4,25.4,29.0,25.8,21.2,41.0,62.9,68.7,21.5,24.7,23.4,18.3,35.0,21.2,31.3,65.8,66.5,60.5,60.7,66.9,39.7,69.0,55.0,68.1,54.5,28.9,32.9,60.2,56.8,64.9,47.9,34.5,22.8,56.1,68.8,35.5,66.7,27.0,18.7,64.4,63.8,66.6,27.7,20.8,59.8,37.6,65.1,68.6,45.0,38.4,15.3,55.3,50.3,68.1,69.5,34.6,22.2,64.0,66.9,63.1,63.0,67.4,21.2,20.3,19.5,30.8,67.4,33.3,65.1,65.1,22.9,67.7,64.6,29.2,29.9,17.0,36.1,65.1,59.3,65.1,33.2,44.2,62.9,64.5,40.4,56.0,56.2,59.9,57.7,63.9,61.2,61.3,35.6,60.6,65.6,65.0,50.4,61.9,24.5,61.1,62.9,67.1,62.6,66.5,37.5,27.7,63.8,57.5,60.8,59.1,62.3,15.2,52.2,65.0,65.0,61.1,58.2,58.8,60.6,69.4,26.8,25.6,70.1,62.5,31.0,17.8,26.4,62.9,61.5,21.3,18.4,62.6,18.5,60.5,25.0,60.9,60.0,41.0,63.0,39.9,63.8,63.0,63.8,64.0,51.3,66.2,14.1,59.8,30.9,67.0,47.5,63.8,43.0,57.8,46.5,23.7,22.8,68.0,52.4,69.0,50.2,24.7,26.3,42.0,13.1,28.6,69.0,64.7,66.9,47.1,59.0,63.9,62.3,34.6,55.7,65.2,59.0,51.5,36.4,37.8,28.2,58.7,71.3,40.2,64.2,43.5,65.0,67.1,66.6,71.3,67.4,67.9,66.9,68.2,56.6,63.8,60.1,61.2,63.4,61.4,66.8,65.9,63.3,13.8,16.1,14.4,19.3,11.5,12.8,56.8,14.6,40.0,22.5,26.4,34.1,66.0,63.6,59.8,58.0,64.4,62.2,57.4,61.4,62.4,43.6,62.8,60.5,69.0,33.5,25.9,53.9,28.5,28.3,27.6,27.2,59.5,34.5,32.8,40.8,57.5,52.3,63.5,47.6,64.4,68.8,64.8,40.8,53.0,65.0,38.2,62.2,62.1,64.0,62.9
2017-01-30 17:30:00,72.6,21.3,51.6,38.5,56.4,62.2,24.5,47.8,24.0,10.5,64.3,23.9,55.4,63.6,50.7,21.9,61.6,23.4,50.7,58.4,47.0,57.9,60.5,30.3,66.8,65.5,20.2,67.6,64.3,69.3,56.5,23.7,8.4,27.8,61.9,57.8,66.4,25.7,56.1,62.0,58.5,22.5,38.7,35.1,64.4,41.1,63.5,70.4,26.2,36.0,63.5,26.2,67.4,42.2,62.9,8.6,20.1,64.7,63.7,66.7,25.3,26.3,66.6,62.1,47.3,63.4,56.8,62.3,50.5,66.2,66.3,64.4,26.3,37.3,34.6,23.3,39.9,64.7,66.1,22.7,28.1,21.3,17.2,45.5,9.8,18.5,63.4,66.7,61.6,62.2,67.1,32.5,69.0,37.9,65.8,54.0,30.6,39.4,61.4,45.9,63.8,50.8,42.9,24.9,57.0,69.3,27.5,62.7,24.2,15.6,63.8,63.8,67.0,16.2,13.6,60.9,38.4,65.1,71.4,47.3,36.2,15.7,41.7,37.5,69.6,65.8,38.2,19.1,63.4,65.5,57.1,63.8,67.7,20.3,23.3,18.2,32.5,67.7,36.5,65.1,65.1,12.5,67.7,66.3,22.9,27.9,27.1,29.9,65.1,58.5,65.1,33.7,47.9,67.3,66.5,56.6,65.7,61.4,62.7,58.9,63.9,61.5,61.8,37.0,62.4,65.6,66.3,52.0,53.0,23.1,62.3,61.7,68.8,21.9,68.6,53.0,46.0,63.8,59.1,56.4,60.1,39.2,15.7,50.6,65.0,65.0,61.7,62.9,64.1,64.1,66.4,41.0,40.8,67.5,62.6,32.7,15.2,27.4,67.2,65.5,21.5,19.9,65.4,18.8,63.7,25.3,63.1,61.6,41.7,63.4,37.2,63.8,64.8,63.8,64.7,61.8,67.6,10.9,60.4,15.9,63.8,39.5,63.8,41.5,61.5,42.0,22.8,23.0,67.8,51.4,70.5,43.4,23.7,33.0,43.7,10.2,24.8,67.9,63.2,66.9,26.6,59.3,63.9,38.7,36.0,57.4,64.9,63.1,45.9,34.0,25.7,21.3,30.8,72.8,36.0,65.1,43.5,65.7,67.9,66.5,70.4,67.9,67.4,66.7,67.7,39.6,63.8,41.4,55.9,61.6,61.2,65.5,65.3,62.4,62.0,41.3,20.9,26.6,16.8,19.3,54.1,19.7,46.4,25.3,38.5,41.3,68.0,63.8,61.2,60.1,64.3,61.7,63.2,61.7,62.5,57.3,62.0,62.6,68.5,32.6,26.1,59.3,24.4,25.3,31.8,28.1,53.1,39.6,32.6,40.5,58.5,15.2,62.4,49.1,64.3,60.4,62.7,28.9,58.3,66.4,30.7,40.2,46.0,26.4,62.1
2017-02-06 17:30:00,68.5,21.4,17.5,31.2,56.5,60.6,23.8,41.8,20.5,11.1,41.5,23.3,54.0,62.3,56.3,21.7,60.9,21.9,50.7,58.6,46.0,60.3,41.8,25.1,59.4,59.8,20.9,67.1,62.5,59.9,63.8,43.1,11.9,52.9,63.6,55.0,62.4,22.6,51.5,64.7,42.6,18.6,32.9,59.8,63.0,48.8,28.1,67.9,28.7,37.3,54.1,22.3,64.4,41.4,61.7,24.3,20.9,62.3,58.9,64.2,27.3,21.1,67.9,48.2,50.5,60.8,53.9,60.3,19.1,63.1,60.8,61.4,22.8,33.0,34.6,18.8,37.3,58.4,66.9,17.5,25.1,18.3,16.9,43.6,15.4,29.1,65.2,63.8,59.3,55.8,64.3,34.3,66.1,42.0,63.8,51.2,26.2,35.6,59.3,44.6,66.4,47.0,38.1,21.6,53.0,67.2,25.6,59.3,25.3,15.5,63.5,63.8,64.7,15.7,16.4,52.4,34.9,65.1,66.8,15.4,39.6,15.1,51.2,53.4,66.8,66.7,37.5,20.3,63.3,64.0,60.8,61.0,63.0,16.3,16.1,16.6,30.6,65.7,31.2,65.1,65.1,18.6,66.8,63.1,25.3,28.8,29.3,35.0,65.1,57.5,65.1,29.9,42.5,63.1,64.5,55.7,63.9,58.1,63.4,57.0,63.9,61.3,59.5,34.4,60.2,65.6,65.0,52.3,58.8,22.6,61.4,62.0,63.4,56.1,66.1,34.5,24.7,63.8,38.7,40.9,54.3,42.2,16.7,48.9,65.0,65.0,55.5,59.7,59.7,61.2,67.7,29.2,26.7,68.3,59.5,28.2,19.0,20.7,58.9,60.8,21.3,15.8,61.6,16.4,61.0,23.7,61.1,60.3,40.2,63.6,37.7,63.8,61.4,63.8,61.5,50.1,66.0,11.6,51.7,29.3,63.8,43.2,63.8,41.1,59.4,31.9,18.5,18.8,69.1,51.3,68.7,43.1,22.0,32.9,44.9,11.0,26.0,66.5,62.8,63.8,52.5,59.0,63.9,59.3,32.3,54.9,62.4,60.2,47.6,30.9,26.3,20.9,53.9,69.5,31.7,63.9,42.2,64.5,63.1,63.7,66.9,63.6,64.2,64.5,63.2,54.0,63.8,57.7,51.7,60.5,61.2,65.0,63.1,60.7,29.1,20.6,23.7,33.7,15.7,16.0,52.4,21.4,48.1,31.2,48.1,45.9,64.5,64.6,58.4,57.3,58.9,60.0,58.1,58.5,60.4,59.0,59.0,58.9,66.0,29.8,27.9,33.2,28.6,22.5,29.1,29.4,57.0,33.8,30.6,25.8,57.3,45.3,62.5,44.4,58.3,61.7,62.9,25.1,51.4,64.6,35.0,43.1,50.3,32.5,63.1
2017-02-13 17:30:00,70.2,21.7,53.4,35.1,60.0,64.3,17.9,46.3,24.0,11.5,65.3,28.5,53.3,64.1,60.7,21.5,62.0,22.9,50.7,62.3,44.5,61.4,61.4,34.5,68.7,67.1,22.4,69.5,64.3,64.6,66.1,50.7,11.2,29.9,65.7,58.9,70.6,23.8,60.6,64.6,63.9,29.6,34.5,40.8,64.5,59.4,64.4,68.8,25.8,38.6,63.9,27.3,67.4,41.8,65.7,24.8,19.4,62.3,64.5,66.2,40.2,27.5,68.5,64.3,52.7,56.8,58.9,62.8,54.0,66.1,66.4,65.6,35.3,40.4,34.6,27.0,42.3,64.1,67.7,20.2,32.3,16.7,17.7,33.6,12.3,21.4,64.7,67.3,61.8,63.3,66.5,34.5,69.1,62.3,62.3,53.2,30.8,41.6,64.0,45.5,65.9,51.6,48.7,25.6,59.3,68.9,32.9,63.5,25.7,15.0,65.3,63.8,66.9,16.9,14.6,55.3,35.7,65.1,67.7,62.2,41.4,15.7,56.0,39.2,67.9,63.7,34.9,16.6,64.4,66.0,62.3,65.9,68.3,17.4,26.2,18.6,33.0,66.9,39.6,65.1,65.1,12.4,68.9,66.4,25.1,28.5,55.3,27.1,65.1,60.1,65.1,44.0,47.9,66.6,68.5,45.3,68.7,64.3,66.5,59.5,63.9,62.2,61.1,36.4,63.1,65.6,67.2,63.3,59.0,24.2,65.1,64.9,68.9,57.7,67.3,60.4,56.1,63.8,61.0,62.2,64.1,62.2,16.4,54.6,65.0,59.0,64.1,63.1,66.0,64.6,68.4,36.5,32.2,70.0,62.6,37.6,16.1,25.3,60.3,67.8,23.5,19.3,66.8,19.5,65.2,26.9,66.1,63.2,45.1,66.0,42.9,63.8,64.7,63.8,63.3,63.9,65.8,12.5,69.7,38.6,63.8,44.6,63.8,44.7,63.2,49.1,37.1,33.5,71.5,60.6,71.4,36.8,22.5,33.7,44.1,11.5,26.6,68.9,61.5,66.7,30.0,59.3,63.9,44.4,33.6,59.3,67.0,63.2,52.1,37.2,43.0,31.1,54.3,71.3,38.6,64.0,42.5,67.0,68.3,68.7,69.7,68.7,68.3,66.3,62.7,48.9,63.8,52.0,64.8,65.1,62.5,67.8,66.4,63.7,18.0,18.2,23.6,29.9,14.7,15.3,56.9,20.3,48.1,28.7,43.1,43.1,67.2,65.6,60.9,61.3,61.7,67.6,63.4,61.6,63.3,58.9,56.8,62.8,68.1,40.2,46.2,43.9,38.9,37.5,39.5,39.8,59.4,41.2,39.8,47.9,56.0,14.3,62.6,50.0,63.7,69.2,67.2,32.6,47.9,68.5,54.1,61.6,60.9,64.7,61.5
2017-02-20 17:30:00,65.7,56.2,58.7,54.1,67.0,56.0,60.6,53.1,49.2,55.0,57.6,55.2,56.5,30.8,55.8,55.2,62.6,59.0,50.7,60.5,61.3,57.5,58.5,51.4,65.8,60.0,25.5,58.8,59.0,59.5,63.7,50.7,59.6,55.3,60.1,51.6,62.1,55.6,54.7,62.2,59.4,58.8,58.1,53.5,58.0,58.1,54.5,51.2,47.6,53.5,59.0,58.8,59.4,61.1,49.8,46.8,63.0,57.4,62.4,63.0,51.2,59.6,61.8,43.5,57.8,57.2,48.0,54.7,59.4,59.7,61.6,59.1,57.5,55.6,34.6,59.4,62.5,60.2,64.0,58.0,57.6,52.6,26.4,44.2,57.6,56.4,65.1,62.7,59.6,58.9,60.8,60.2,64.6,58.6,59.8,55.9,54.0,55.3,58.6,48.2,59.8,50.1,58.9,59.3,47.9,65.4,55.0,66.3,57.8,61.9,61.4,63.8,61.0,55.2,58.0,55.3,65.0,65.1,61.7,60.3,54.2,19.3,57.5,59.5,63.1,65.6,61.2,56.9,58.3,60.8,59.9,60.1,59.6,49.0,54.6,55.8,60.4,64.3,55.5,65.1,65.1,62.8,65.3,63.7,54.8,50.7,60.8,58.2,65.1,45.2,65.1,33.4,50.7,10.4,3.4,55.6,63.1,57.3,56.9,54.8,65.8,58.5,58.4,54.9,56.1,65.6,65.4,60.6,55.5,44.0,59.7,61.5,60.6,60.1,60.5,56.3,50.8,63.8,56.7,60.6,58.5,63.6,59.6,60.0,65.0,65.0,53.9,63.8,61.9,62.5,61.8,57.3,29.5,69.1,54.1,54.0,61.0,59.8,61.9,58.0,32.0,55.8,62.9,55.4,61.3,55.7,62.6,53.6,56.7,47.3,57.6,63.8,58.7,63.8,59.0,63.8,62.7,59.1,58.5,58.2,66.0,58.8,63.8,58.9,57.3,61.5,23.2,57.9,59.2,51.7,58.4,41.1,53.3,53.1,43.9,59.5,63.2,65.8,58.1,62.4,53.9,56.2,63.9,58.4,64.0,58.5,55.1,63.8,57.2,61.5,57.9,56.2,58.3,67.0,61.3,61.1,63.9,62.6,67.0,66.6,69.8,67.2,67.0,66.3,67.0,53.2,63.8,58.4,59.0,58.3,61.4,66.0,65.5,63.8,23.5,19.5,22.1,28.3,15.2,16.1,55.8,19.8,40.0,26.9,40.9,63.8,60.9,58.7,63.9,59.4,57.9,62.0,58.2,56.4,54.7,53.9,61.0,61.7,63.6,57.8,48.6,48.9,44.9,51.0,49.2,29.3,56.4,48.1,43.6,57.9,57.7,61.1,59.4,37.5,61.7,65.9,62.9,61.6,57.5,33.2,55.2,52.9,58.5,51.4,63.4
2017-02-27 17:30:00,71.6,21.5,47.5,65.0,62.0,64.6,29.2,26.8,27.9,13.0,64.2,21.5,57.3,63.7,61.7,29.0,68.0,27.2,50.7,66.1,48.5,64.5,60.1,33.9,68.7,65.1,14.9,67.8,64.2,66.1,64.8,50.7,11.4,47.7,66.7,61.6,69.0,27.6,34.2,63.6,62.6,24.3,47.3,34.8,65.0,62.2,64.4,56.1,20.7,32.7,63.3,34.6,64.1,40.2,64.2,24.9,21.9,64.8,68.4,63.0,25.7,32.7,66.6,62.7,59.4,69.7,59.8,65.3,45.3,67.5,68.3,65.0,30.9,39.7,65.0,32.5,43.6,67.4,66.0,26.7,26.4,27.6,23.9,51.9,12.9,27.7,59.4,65.7,54.9,56.0,66.0,35.3,68.6,61.7,69.0,52.1,18.8,40.8,63.0,40.8,61.2,43.5,42.7,33.5,59.8,68.3,25.1,70.8,30.0,18.4,64.9,63.8,67.3,18.4,26.5,54.4,43.0,65.1,64.8,29.6,51.0,17.2,60.2,48.7,67.8,68.8,38.2,23.3,48.7,65.4,60.9,64.3,67.8,18.2,30.5,19.5,40.2,65.1,37.4,65.1,65.1,15.7,69.9,66.1,30.7,28.3,35.0,27.0,65.1,58.9,65.1,31.0,59.6,64.2,66.8,63.6,64.6,64.3,65.2,62.9,61.5,62.3,65.3,43.1,64.9,65.6,65.4,60.6,55.0,32.1,64.9,64.5,68.9,52.2,71.0,59.8,51.8,63.8,63.0,61.9,61.1,43.9,15.9,56.7,65.0,60.0,63.2,62.0,64.4,63.5,67.4,36.2,32.7,68.6,62.7,37.1,17.5,37.3,66.3,34.0,32.8,20.4,62.6,27.1,63.8,63.8,63.0,62.5,64.5,63.8,26.7,63.8,62.6,63.8,63.1,62.7,68.2,27.7,62.0,29.7,67.8,46.2,63.8,45.6,61.7,36.1,21.0,31.6,67.6,51.5,60.7,34.3,20.3,32.4,35.0,11.7,27.0,61.7,66.6,65.2,42.4,59.9,63.9,40.4,42.0,60.9,66.3,62.2,54.6,36.9,40.6,32.9,50.5,71.6,41.0,64.0,49.1,65.2,68.1,68.1,68.8,68.0,67.6,65.4,70.2,59.6,63.8,61.7,50.4,66.5,63.7,66.7,65.5,63.1,17.8,17.9,20.5,32.0,13.5,14.9,53.3,20.3,56.9,49.2,53.9,48.5,65.2,65.6,62.4,61.4,61.4,64.5,51.9,57.2,62.4,62.0,63.4,61.3,66.7,37.8,28.4,25.5,35.0,27.9,35.4,31.1,66.0,47.8,44.4,22.3,49.4,15.6,66.9,60.3,64.3,68.1,66.3,36.4,53.1,64.4,33.9,44.9,56.9,33.0,63.9
2017-03-06 17:30:00,73.4,26.6,49.5,31.5,64.4,66.2,24.5,52.9,36.7,31.5,65.0,57.1,36.5,64.7,63.3,43.6,66.6,27.5,50.7,66.3,47.1,66.8,73.3,47.9,61.7,67.6,25.4,68.9,66.8,67.9,64.6,50.7,23.6,63.2,67.3,58.9,68.2,29.7,59.6,64.4,64.8,31.3,42.5,50.9,66.0,61.8,64.8,64.8,29.4,44.0,63.9,49.0,64.5,41.3,65.7,24.4,22.5,65.6,69.0,69.5,41.7,68.5,68.7,59.8,54.8,67.9,60.0,63.6,50.1,65.2,70.3,61.7,33.7,40.4,65.0,49.0,59.4,67.8,64.8,27.9,34.6,25.9,22.7,18.6,60.4,36.2,64.4,69.3,64.4,54.5,67.5,63.6,69.4,61.9,67.3,51.2,32.2,40.8,62.3,47.5,66.1,54.3,48.5,52.0,60.1,68.8,32.4,70.7,33.4,68.2,66.4,63.8,67.5,33.5,29.7,54.4,33.6,65.1,69.6,73.0,48.2,17.3,62.4,54.4,69.1,70.7,37.9,20.6,70.0,65.6,66.2,65.2,68.2,19.4,31.5,19.0,38.3,68.0,45.8,63.5,62.1,18.3,68.5,65.9,45.0,28.9,47.6,30.7,65.1,59.0,65.1,38.9,59.4,64.9,66.9,25.4,67.7,65.1,66.3,61.1,66.4,63.6,64.0,34.1,62.4,65.6,65.0,43.5,64.5,25.6,63.8,64.7,70.1,77.2,72.9,39.9,27.8,63.8,71.1,69.8,69.8,57.2,18.1,58.8,62.3,60.2,64.7,61.8,64.1,64.6,68.5,34.1,29.5,70.6,64.5,40.6,21.0,25.6,69.8,67.1,34.3,24.4,65.9,20.7,65.5,31.8,66.8,64.4,49.8,64.5,44.2,63.8,64.5,63.8,64.4,59.7,66.2,12.3,63.0,61.8,66.6,60.3,63.8,54.1,62.3,65.1,30.4,28.0,66.6,44.0,69.4,31.0,22.1,34.4,45.2,12.7,26.5,69.4,65.3,66.7,57.4,61.8,63.9,61.9,31.7,63.5,67.8,62.3,60.3,62.7,47.3,34.9,67.5,73.3,42.3,65.5,42.6,65.3,69.3,67.8,70.6,69.2,68.8,67.0,68.3,42.3,63.8,43.7,57.4,67.8,69.3,69.5,67.1,64.7,61.1,26.4,20.0,31.8,15.5,17.6,49.0,17.5,46.6,28.5,51.8,46.2,68.3,67.5,64.9,62.0,62.7,65.1,63.9,63.9,65.4,40.7,64.0,63.2,68.6,32.8,48.3,32.5,40.8,36.1,44.3,43.4,67.8,52.1,42.8,62.7,55.0,47.6,70.1,49.5,65.5,67.9,66.9,28.5,37.1,67.4,57.7,54.1,62.4,55.0,64.2
2017-03-13 17:30:00,73.4,22.4,49.7,28.4,64.6,66.7,16.0,35.2,38.0,14.3,37.3,24.2,57.1,64.8,62.8,28.3,67.5,23.1,50.7,69.0,42.4,71.7,58.0,60.5,61.1,67.9,25.8,69.8,66.3,66.9,66.3,50.7,13.7,29.3,67.5,58.0,70.9,25.4,59.6,65.1,61.7,56.0,41.0,62.2,66.4,62.4,22.4,64.1,51.1,53.8,54.3,32.4,69.3,40.2,67.9,26.5,21.2,64.1,69.0,69.6,34.9,27.9,67.8,58.8,60.0,67.1,59.0,69.7,56.0,66.8,69.2,61.6,48.5,51.7,42.2,20.9,46.3,69.2,65.3,23.4,31.9,25.0,24.2,37.5,48.7,25.8,60.3,69.6,64.1,55.9,68.4,36.2,68.0,54.9,69.9,56.1,36.5,52.4,64.7,69.5,62.1,44.8,57.0,32.8,67.3,68.7,31.1,69.4,24.7,45.7,66.3,63.8,69.7,14.3,19.3,63.9,36.5,65.1,70.4,22.6,57.0,16.3,60.9,24.1,68.4,69.9,38.0,20.9,48.4,65.1,65.7,66.4,68.0,19.6,32.7,23.1,38.8,67.3,58.2,64.6,61.4,19.0,72.2,65.7,35.4,28.4,59.1,31.4,65.1,62.0,65.1,57.5,56.4,65.2,66.9,55.6,67.8,64.4,66.4,48.4,64.1,63.9,64.2,34.9,65.9,65.6,64.7,45.7,62.4,28.9,38.8,64.9,70.2,67.2,67.9,38.5,27.6,63.8,24.8,43.4,39.3,61.7,16.8,51.1,63.3,59.1,65.7,64.4,68.1,67.9,68.6,31.8,28.1,71.4,63.9,34.7,17.8,22.8,54.7,65.9,23.0,20.1,65.5,22.9,66.5,26.3,67.1,63.3,42.9,65.0,44.3,63.8,65.1,63.8,64.9,59.5,67.6,11.9,62.2,37.9,67.3,57.4,63.8,46.5,63.0,35.3,55.9,45.2,68.7,45.5,69.1,35.2,24.0,33.0,49.1,11.7,27.9,68.5,67.0,65.9,31.9,61.5,63.9,61.1,34.8,62.8,68.9,64.6,56.8,37.8,26.2,30.8,64.0,74.2,39.3,64.8,43.4,66.2,69.2,67.5,70.1,68.7,68.0,68.1,69.2,51.2,63.8,52.9,69.2,67.6,67.9,68.2,67.4,64.1,15.7,17.2,19.7,24.9,69.0,17.1,52.0,16.7,46.9,42.3,54.1,46.7,68.0,67.6,65.6,62.0,62.3,66.8,62.1,61.9,64.9,66.7,64.3,62.6,69.5,17.7,25.7,25.1,28.9,31.4,51.8,28.8,66.9,56.4,51.3,20.3,36.6,23.1,69.5,62.8,67.1,68.5,66.8,25.8,33.8,65.8,57.9,63.8,62.0,61.1,66.6
2017-03-20 17:30:00,71.4,16.5,53.1,24.3,57.8,63.0,8.5,22.6,17.9,9.6,51.5,38.6,51.9,62.8,59.4,17.5,60.1,20.7,50.7,60.5,39.2,59.0,55.1,34.5,56.4,63.7,15.0,67.9,62.7,66.8,63.4,27.0,8.9,24.2,63.9,59.2,67.1,17.0,16.6,63.6,63.3,26.1,32.8,50.1,62.6,55.4,45.4,62.0,28.1,39.2,58.9,27.0,66.5,38.4,60.4,8.8,18.2,63.2,60.6,62.4,40.4,22.1,67.3,30.3,52.9,58.0,56.7,60.3,54.3,63.8,26.3,60.9,28.3,38.3,36.9,23.4,35.3,67.2,66.6,20.6,36.5,19.8,12.3,29.2,10.4,14.9,65.1,63.6,58.6,54.0,63.6,48.7,68.1,56.9,66.6,49.3,23.9,40.1,61.6,62.0,61.2,33.3,47.7,23.6,55.5,67.6,22.6,66.2,10.8,15.9,63.7,63.8,66.9,14.8,11.8,63.9,28.6,65.1,67.5,48.1,40.3,12.9,40.0,21.6,67.5,63.6,37.1,9.7,43.7,66.5,61.0,63.1,68.2,16.9,21.6,15.7,27.2,66.8,31.4,60.5,59.9,20.0,68.3,65.6,22.2,28.3,37.6,29.4,65.1,61.5,65.1,33.1,51.3,63.4,56.5,52.4,67.2,63.9,63.8,57.7,69.9,61.8,57.6,31.3,60.5,65.6,62.8,43.4,56.3,20.2,59.8,62.3,66.8,20.2,65.4,29.6,21.2,63.8,22.8,42.3,42.9,61.8,13.6,58.3,57.5,56.5,63.2,63.3,64.9,66.1,65.8,24.7,25.3,67.2,64.5,39.2,14.4,17.8,60.9,23.0,37.0,17.5,63.5,16.8,63.6,23.2,55.6,56.9,31.1,64.7,22.9,63.8,58.8,63.8,64.3,34.0,65.7,6.3,61.9,28.0,65.3,39.5,63.8,42.1,62.8,32.5,23.6,23.2,65.6,43.0,65.2,30.4,19.5,30.7,47.8,9.1,30.5,67.8,64.8,65.7,27.1,59.2,63.9,56.0,23.2,59.3,63.4,63.4,46.7,31.7,57.2,28.9,25.2,72.0,44.4,62.6,40.3,65.5,65.2,65.6,67.7,66.1,66.6,66.9,66.8,52.0,63.8,57.2,57.5,64.1,63.8,65.8,65.5,62.8,10.8,11.3,16.9,36.3,28.2,12.3,48.3,14.8,40.3,24.4,35.4,43.1,66.3,67.1,65.5,62.6,65.2,66.2,60.8,61.5,64.8,44.8,63.5,64.2,68.4,21.3,28.1,28.0,25.1,31.8,33.4,32.3,10.4,42.1,29.1,27.9,60.7,13.3,66.6,58.6,64.3,65.5,63.1,23.6,28.5,62.5,36.8,59.8,58.8,62.2,64.7
2017-03-27 17:30:00,72.3,21.4,49.3,32.0,58.4,65.3,41.8,39.9,21.3,12.2,65.1,35.7,54.9,63.2,64.5,37.9,63.1,21.7,50.7,60.2,54.3,65.9,58.6,55.6,57.8,67.0,22.5,67.1,64.9,66.2,67.2,50.7,16.0,60.9,65.1,59.7,68.9,25.5,32.2,65.2,64.8,39.4,38.8,63.6,65.7,53.2,64.9,62.9,71.1,40.1,63.9,36.3,68.7,38.2,68.6,19.1,20.4,63.7,65.7,67.8,55.0,25.0,67.4,42.4,59.1,64.8,60.7,62.9,47.3,65.5,66.6,62.7,33.9,46.3,32.0,19.4,60.7,64.8,63.5,22.0,31.7,24.4,18.6,40.8,13.8,31.8,65.1,67.1,61.8,66.6,68.0,47.3,67.1,55.3,67.6,55.6,30.4,47.2,64.1,48.6,62.3,44.0,52.7,39.1,61.8,68.2,31.1,69.8,27.9,15.6,65.5,63.8,67.9,19.6,20.6,63.9,33.7,65.1,69.0,30.3,43.0,16.8,57.6,50.0,68.3,67.9,37.7,19.1,65.2,65.5,62.0,65.5,65.9,18.8,24.9,20.6,34.2,66.5,53.7,64.0,62.6,18.0,70.4,65.9,36.5,30.2,45.5,24.2,65.1,61.0,65.1,40.3,61.2,64.8,67.5,54.6,67.1,65.2,63.4,61.2,68.0,63.6,61.8,33.7,64.0,65.6,65.0,45.8,60.0,28.2,63.9,63.4,68.0,51.4,66.5,34.8,26.5,63.8,45.9,43.0,61.1,65.2,19.3,55.1,62.5,60.4,64.8,68.6,66.2,65.4,66.7,30.2,27.3,68.6,63.3,27.9,23.5,25.1,68.7,54.1,18.5,18.9,63.1,20.9,63.8,24.2,58.8,58.8,33.0,63.0,44.1,63.8,64.1,63.8,64.5,46.0,66.8,11.2,63.4,29.8,68.3,45.4,65.1,48.5,63.0,35.2,32.5,30.2,68.3,45.9,68.8,33.4,27.9,34.5,51.3,15.0,30.4,68.7,65.5,65.1,60.0,61.0,63.9,62.1,32.9,64.8,67.5,63.2,54.5,46.1,35.5,28.5,50.2,72.4,41.9,63.9,41.5,68.9,66.7,65.5,68.3,67.5,67.3,61.6,60.7,57.9,63.8,61.3,62.7,64.6,64.6,65.3,66.0,62.7,10.7,12.5,62.2,61.2,16.3,16.7,61.8,60.2,55.6,60.2,62.5,60.3,64.8,65.9,65.9,62.5,60.7,64.9,51.6,60.0,63.8,39.9,62.6,63.1,64.8,21.0,25.8,40.0,26.6,31.9,25.8,31.3,61.2,42.6,41.1,22.2,60.4,32.3,68.7,58.0,65.2,66.5,64.3,31.9,45.4,63.7,53.7,62.3,61.9,66.4,65.9
2017-04-03 17:30:00,71.9,20.0,50.9,23.2,57.8,68.2,19.3,49.7,22.8,16.6,64.9,66.1,58.8,63.6,65.1,24.4,63.3,24.6,50.7,61.0,44.0,64.9,60.7,60.1,57.2,68.0,23.0,67.3,63.8,64.1,67.6,50.7,48.0,61.8,65.6,57.8,70.7,29.2,54.6,63.9,66.0,25.8,36.7,62.4,66.5,64.0,64.8,63.0,53.3,47.5,63.6,32.6,68.3,29.5,62.6,7.5,20.1,64.8,67.5,65.9,42.8,31.7,66.8,45.6,62.2,62.6,61.1,64.3,49.9,66.6,66.9,64.1,28.9,39.5,37.4,24.9,60.4,66.2,64.1,41.4,33.6,21.8,19.4,44.6,62.7,27.2,65.1,65.3,60.7,51.2,67.0,69.3,67.7,61.3,68.5,58.1,27.6,40.8,65.2,65.2,61.4,51.1,46.8,32.4,59.7,68.6,26.6,69.3,32.0,64.6,66.8,63.8,68.3,30.9,19.4,63.1,30.2,65.1,69.4,51.5,47.4,17.1,59.4,56.3,68.0,67.6,37.8,15.5,63.6,63.6,66.2,66.8,69.9,24.5,21.9,24.3,30.5,67.8,59.9,58.7,62.4,18.3,70.7,66.3,34.1,29.1,62.2,32.6,65.1,61.3,65.1,35.9,59.1,63.4,59.4,61.1,68.4,67.4,64.5,64.3,66.1,62.5,60.6,32.1,62.9,65.6,65.3,43.8,64.7,24.7,62.3,64.1,68.0,64.6,71.7,36.6,28.7,63.8,63.6,63.8,65.7,66.1,16.9,53.1,55.0,60.3,62.3,68.0,67.7,67.3,67.0,35.4,31.5,69.7,64.2,45.9,17.3,23.7,67.0,66.6,24.6,21.0,63.8,21.4,63.1,31.0,62.9,61.7,36.5,65.8,53.1,63.8,65.5,63.8,65.2,48.1,65.5,9.2,64.1,59.0,68.2,60.0,65.1,47.1,64.2,49.4,26.5,24.0,67.2,43.2,69.2,30.1,30.7,31.4,43.0,11.8,26.4,66.8,66.3,66.1,60.4,59.7,63.9,60.1,24.2,62.7,67.1,64.4,56.6,47.3,57.3,38.1,62.8,70.7,41.4,64.4,42.2,68.3,67.7,66.4,69.5,67.0,66.2,67.2,66.8,45.1,63.8,48.8,66.8,64.8,64.5,66.0,66.7,63.1,20.6,22.1,20.7,26.0,51.5,16.5,48.1,18.8,46.6,49.3,54.2,46.1,66.0,66.1,65.6,62.0,64.7,65.2,61.6,66.7,65.6,36.3,63.7,62.8,68.5,24.0,28.7,43.4,38.1,45.1,29.7,33.0,61.0,44.2,43.4,28.7,61.7,33.2,68.7,54.3,66.1,66.4,65.5,18.6,35.1,65.5,59.6,66.7,63.8,67.3,66.3
2017-04-10 17:30:00,73.3,22.1,53.2,33.6,55.1,67.0,52.8,29.8,30.5,16.0,65.9,22.2,56.8,60.8,67.5,24.8,63.4,15.3,50.7,59.0,58.2,67.0,59.2,28.9,67.4,67.2,13.5,67.6,63.8,69.9,69.8,28.6,25.2,38.6,65.1,59.2,70.0,41.0,36.0,65.0,65.8,58.5,34.1,62.7,66.0,66.7,66.2,63.7,37.2,44.5,64.3,30.5,60.4,32.4,63.1,17.1,19.4,67.4,65.3,66.4,39.2,25.6,67.3,62.5,62.5,59.7,60.6,62.7,54.4,63.6,67.0,61.6,57.8,42.9,34.6,29.6,51.9,63.8,64.2,22.8,56.7,23.9,11.9,12.2,61.1,23.8,65.1,66.7,62.4,63.8,69.4,32.2,69.7,66.1,67.3,57.0,33.5,46.2,55.1,64.7,62.1,41.7,45.6,41.9,62.8,69.2,27.0,68.8,25.2,64.2,66.2,63.8,67.9,16.6,20.0,61.8,38.3,65.1,68.9,58.6,47.6,12.6,56.4,31.9,68.6,69.3,37.5,20.8,65.6,65.3,65.4,67.2,68.7,16.8,19.9,14.7,36.2,68.3,14.4,62.3,61.2,13.8,70.3,66.1,32.8,28.4,62.5,20.9,65.1,62.0,65.1,62.9,51.0,65.5,65.0,30.2,67.5,66.5,64.8,57.3,61.1,62.5,60.2,25.8,65.5,65.6,65.1,44.4,63.8,23.7,63.8,64.5,68.7,66.4,73.6,66.0,61.2,63.8,61.3,51.7,63.5,65.3,16.7,52.4,60.1,59.2,67.2,67.5,66.7,66.5,67.6,45.5,41.4,70.1,63.8,37.7,15.4,26.4,67.1,63.1,13.4,14.7,64.9,16.5,63.7,24.8,55.3,55.7,29.5,64.1,46.6,65.0,64.2,63.8,65.5,62.1,67.4,7.2,63.7,59.6,67.0,58.5,65.2,46.0,63.9,39.6,63.2,60.2,67.8,45.0,69.0,36.4,24.4,33.4,44.2,10.9,26.7,68.1,65.8,63.7,36.8,59.7,63.9,62.3,37.3,62.5,68.4,64.1,53.7,41.0,68.3,28.3,60.9,73.5,37.5,65.0,34.9,70.9,69.2,67.6,69.2,68.0,67.4,68.3,69.4,50.9,63.8,63.9,67.0,62.6,65.3,67.1,67.4,64.0,31.6,22.5,21.1,25.3,17.6,20.9,56.9,18.9,40.6,29.8,31.9,38.4,66.8,58.0,66.0,62.8,64.1,64.2,60.9,61.8,64.8,54.9,63.8,62.1,67.4,25.1,37.2,43.9,31.3,36.9,30.1,40.5,61.4,44.1,43.0,58.2,58.2,16.0,69.1,50.2,67.5,67.3,66.0,50.9,56.4,67.6,27.4,68.2,63.8,67.1,67.6
2017-04-17 17:30:00,71.2,17.9,33.7,22.9,54.3,61.4,13.5,44.7,21.1,12.9,62.4,29.6,52.7,62.0,60.8,20.3,61.8,21.2,50.7,56.5,42.8,53.9,36.9,36.5,60.7,62.9,21.1,65.4,58.8,59.0,63.7,25.7,24.1,28.3,59.3,58.4,67.9,24.6,12.7,62.1,50.6,30.0,29.7,30.5,60.8,57.7,61.0,58.0,16.8,33.2,62.3,24.1,63.9,32.9,62.9,10.7,18.6,61.8,59.9,62.7,17.1,25.8,63.0,49.0,54.3,55.7,56.0,58.8,26.7,62.6,61.6,59.7,31.9,35.5,46.7,12.1,35.8,60.2,63.2,24.0,24.7,18.7,17.3,31.2,11.2,22.2,65.1,62.1,57.1,63.8,63.1,31.1,63.4,46.9,63.4,53.0,28.7,39.1,59.7,52.1,60.1,45.9,39.1,23.8,54.9,67.2,26.8,65.4,17.5,12.7,62.4,63.8,66.9,16.2,14.6,46.2,31.7,65.1,68.1,20.1,36.2,15.8,52.5,24.7,67.6,65.5,34.7,11.4,65.2,64.0,60.7,63.0,64.9,18.2,33.6,16.4,31.4,66.0,34.5,55.4,56.6,9.6,62.7,64.3,24.5,27.2,18.0,28.0,65.1,57.1,65.1,39.0,48.5,63.9,65.5,54.3,50.9,56.9,59.9,56.9,63.9,59.1,57.7,20.8,61.4,65.6,61.2,41.7,56.9,21.4,60.2,63.3,63.6,61.1,66.2,38.8,31.2,63.8,40.0,46.3,51.3,40.9,14.5,31.2,51.5,52.8,57.0,64.0,63.0,58.5,67.1,31.4,28.6,67.2,60.6,25.7,14.7,23.4,60.8,10.6,11.8,22.0,60.5,24.8,62.2,26.8,31.5,52.9,26.1,63.9,25.0,49.3,61.2,63.8,62.2,51.4,65.4,11.2,57.2,30.2,65.2,43.3,62.4,42.1,57.7,35.9,31.3,28.6,61.9,40.9,64.8,29.1,20.7,33.2,49.4,9.4,24.8,65.5,62.6,62.5,30.6,55.2,63.9,34.5,28.3,58.1,64.9,59.7,48.4,33.3,25.5,23.4,57.5,70.7,43.0,62.1,31.6,58.8,66.9,66.6,70.4,67.6,67.5,65.8,66.6,53.0,63.8,63.9,51.3,64.1,64.0,65.9,66.5,63.0,11.8,13.9,18.2,25.2,11.0,15.8,57.0,15.8,40.9,32.7,46.7,43.7,63.7,52.7,64.6,57.8,60.9,62.3,56.1,57.6,61.4,59.7,61.3,60.5,65.7,12.4,23.3,45.6,27.9,23.2,27.1,23.9,57.7,38.2,37.4,16.6,54.7,12.1,67.4,49.9,65.4,65.3,64.3,21.6,37.6,64.5,37.6,42.8,56.6,28.2,61.8
2017-04-24 17:30:00,73.2,20.9,47.6,33.9,58.7,67.0,40.3,47.1,26.4,15.6,65.1,18.2,57.2,58.2,64.5,31.8,63.1,21.4,50.7,61.5,55.4,66.3,62.0,38.1,61.6,65.8,23.8,68.5,64.1,63.0,67.2,50.7,10.9,42.0,63.4,60.0,70.2,34.7,25.9,62.9,65.1,26.6,34.2,61.9,64.9,59.7,65.2,62.7,26.0,46.9,62.9,28.8,68.5,46.8,65.2,7.7,19.6,64.5,64.9,67.2,20.7,30.4,65.8,52.7,57.0,63.8,61.9,64.6,45.0,66.3,66.3,63.8,26.1,38.2,27.6,28.9,42.6,65.4,64.2,33.6,29.1,24.5,21.9,22.0,23.0,30.0,62.7,66.6,60.0,63.8,63.8,30.9,67.5,55.5,68.3,55.3,28.2,29.5,63.8,38.7,63.0,49.4,38.9,27.8,62.0,69.1,29.0,67.6,25.0,18.5,65.5,63.8,68.8,16.3,24.1,61.4,43.3,65.1,70.1,55.7,48.6,16.5,59.2,34.7,69.3,68.6,37.9,17.7,65.2,66.1,62.5,66.8,67.1,20.0,26.0,18.2,33.0,67.0,38.7,61.4,60.9,14.2,69.2,67.1,35.1,29.0,42.0,30.8,65.1,62.1,65.1,33.0,58.4,50.3,34.0,51.2,63.5,64.1,65.5,53.2,66.5,63.0,61.4,26.0,63.1,65.6,63.5,45.7,59.3,21.4,61.0,64.6,68.1,34.1,69.1,41.4,31.8,63.8,62.0,63.2,65.0,57.8,16.0,56.0,59.3,58.8,65.5,66.2,64.8,65.3,67.3,40.4,39.5,70.0,62.4,37.4,18.8,25.0,66.3,51.9,20.0,19.2,64.7,18.5,65.6,25.9,39.9,52.9,29.1,62.0,50.9,63.8,66.4,63.8,63.1,54.0,67.5,12.1,63.2,32.1,66.5,46.8,63.0,45.6,62.5,48.3,23.3,21.8,65.2,45.7,67.6,39.9,43.9,34.6,49.0,12.6,27.3,65.7,66.2,65.1,41.2,60.4,63.9,61.4,37.5,62.9,67.3,62.8,56.2,37.3,29.2,24.7,35.1,72.5,40.4,65.5,43.8,66.6,66.9,63.7,68.0,67.3,68.0,64.9,67.7,30.7,63.8,39.4,49.0,48.7,49.8,65.1,67.1,63.3,12.6,15.5,21.0,27.1,13.7,16.6,58.1,16.8,42.2,31.3,37.4,40.4,66.5,57.8,65.7,61.7,64.3,63.3,61.1,65.2,63.9,58.0,63.8,59.6,68.0,23.8,32.9,44.9,34.5,34.5,33.1,34.2,61.1,40.6,43.7,53.0,48.9,39.8,69.5,50.1,65.6,66.4,66.5,22.5,33.7,62.2,40.6,57.7,59.3,55.4,65.4
2017-05-01 17:30:00,72.0,23.3,7.5,27.6,59.3,67.6,17.8,50.8,25.0,18.2,68.1,33.7,58.5,64.8,62.4,23.6,63.1,24.3,50.7,62.0,44.9,65.5,51.6,38.5,59.7,68.1,22.4,68.3,65.0,64.2,66.0,50.7,9.2,56.5,63.2,58.7,68.2,24.1,61.6,63.1,65.8,10.7,31.3,52.4,63.7,57.3,69.1,62.5,20.8,39.7,65.8,30.8,67.4,33.2,66.4,12.3,21.6,64.1,63.7,68.0,25.2,24.1,68.3,47.7,55.5,61.0,61.8,65.5,11.2,65.7,67.9,64.9,11.6,10.6,30.6,22.7,54.9,65.0,69.7,24.1,26.9,22.6,19.6,21.8,59.9,21.4,61.5,67.1,59.6,63.9,66.9,49.4,67.2,46.6,68.1,58.3,27.9,9.0,63.8,37.0,62.0,50.6,13.7,29.1,61.6,69.0,26.7,69.1,51.4,61.5,65.3,63.8,68.9,49.1,19.7,67.6,33.3,65.1,69.7,24.7,42.3,16.3,56.8,55.5,68.5,68.1,37.9,28.0,46.9,64.3,61.0,65.3,66.0,22.7,15.2,19.8,34.1,65.9,36.3,62.2,61.3,16.9,70.5,66.4,24.2,28.9,35.6,30.8,65.1,54.1,64.8,21.4,55.5,65.1,66.6,52.1,67.1,63.3,67.1,63.4,67.3,63.3,62.5,24.4,4.4,68.6,65.3,47.5,58.9,22.7,64.9,64.9,68.8,62.7,69.0,35.0,25.9,63.8,53.3,50.7,61.4,56.1,34.1,51.2,60.2,59.1,68.9,67.3,65.4,66.0,66.0,36.5,34.4,69.2,62.1,26.5,27.4,24.1,62.6,66.0,19.9,18.7,67.0,9.5,70.1,45.4,66.4,61.2,29.5,66.1,62.3,63.6,67.0,63.8,63.9,49.5,67.3,11.5,63.8,58.5,68.1,58.6,64.4,45.9,61.1,33.6,7.3,8.1,67.7,47.8,68.0,41.0,44.1,33.0,42.5,12.1,28.1,62.5,65.6,65.2,57.0,60.6,63.9,60.1,34.1,63.8,67.5,62.7,53.4,41.7,23.8,18.6,58.2,73.3,28.8,64.8,36.6,65.1,68.3,67.7,65.9,65.5,68.5,68.2,69.9,55.9,63.8,60.2,69.8,65.3,66.6,66.1,67.6,64.4,12.9,15.1,15.5,21.9,12.6,14.5,61.5,30.8,41.8,26.2,38.9,39.0,66.4,66.9,65.2,61.5,63.5,64.6,59.0,51.8,64.2,56.9,64.7,63.0,68.3,18.6,19.1,25.9,21.7,25.8,25.4,22.4,61.5,42.2,40.7,24.9,32.2,15.3,67.3,12.6,67.6,65.2,67.7,27.2,52.8,67.7,40.6,49.8,59.9,62.8,66.4
2017-05-08 17:30:00,71.5,19.1,39.7,28.5,58.9,67.2,17.6,29.5,36.9,18.1,64.0,27.6,57.8,61.1,64.3,27.2,62.6,23.8,50.7,60.8,44.2,66.3,59.6,42.3,59.5,66.5,20.4,68.6,66.2,63.0,65.1,50.7,10.1,56.7,64.8,58.1,70.0,24.5,55.3,64.6,65.5,25.7,36.7,60.6,65.3,63.1,63.7,63.1,32.8,43.2,61.8,26.7,67.7,32.3,66.4,10.5,20.5,66.4,65.3,66.6,31.3,24.3,68.4,47.6,54.8,62.7,59.4,65.0,35.7,66.5,65.9,62.8,25.6,39.6,44.6,30.1,35.9,63.4,67.5,31.7,28.2,18.1,17.8,49.6,55.8,21.4,63.4,66.5,59.0,64.7,68.5,37.1,68.1,61.7,68.4,57.1,26.8,25.2,61.3,61.1,64.2,41.1,45.9,23.2,61.5,69.3,28.2,63.7,21.2,51.9,66.4,63.8,69.1,20.6,17.9,60.0,30.0,65.1,69.5,57.4,46.5,15.1,55.4,40.3,68.0,67.7,38.1,17.9,48.7,64.3,65.9,65.7,66.7,19.0,17.1,16.9,33.2,67.3,41.5,63.1,60.9,14.2,68.7,65.9,34.1,27.9,49.5,29.7,65.1,61.0,65.1,31.3,57.6,64.6,65.1,59.3,66.4,62.6,64.8,63.8,67.8,63.3,61.9,34.2,61.4,69.4,61.0,42.7,64.1,23.3,63.2,63.7,68.2,37.1,72.6,36.2,27.1,63.8,59.3,53.2,62.4,58.1,17.1,51.7,61.3,59.2,63.5,67.8,67.1,65.5,67.9,31.3,31.1,69.0,63.9,33.8,16.5,26.7,62.5,62.5,21.1,22.0,63.7,24.4,64.0,40.6,59.7,54.9,44.2,65.5,59.5,63.3,61.7,63.8,64.4,48.7,66.8,9.9,63.8,51.2,63.8,57.8,65.9,44.7,61.3,39.1,20.2,21.7,68.3,42.9,64.6,36.3,25.1,33.3,44.0,12.0,27.2,66.6,66.2,66.4,56.5,61.4,63.9,61.3,30.7,64.0,68.1,63.9,52.9,32.1,32.0,29.0,41.8,71.7,41.6,65.9,42.5,64.7,68.0,67.1,64.1,64.7,68.2,67.5,67.6,59.8,63.8,61.9,64.5,66.3,66.5,68.1,68.0,64.2,26.6,20.5,21.6,34.2,33.2,15.6,65.8,33.3,39.0,28.0,46.4,46.1,67.0,66.1,64.4,62.8,64.7,66.2,63.5,62.3,65.5,30.6,65.8,63.7,69.7,22.7,30.5,29.5,30.6,33.2,29.5,33.1,60.9,39.7,36.9,51.2,59.9,17.0,68.5,59.3,66.1,64.2,66.0,26.5,60.9,67.6,43.3,58.0,63.3,54.9,64.2
2017-05-15 17:30:00,72.2,22.2,38.6,29.9,55.6,66.1,16.2,46.9,16.2,13.1,62.4,20.8,58.3,55.8,63.8,19.8,61.8,28.2,50.7,59.6,49.4,65.2,58.3,34.9,59.0,64.9,21.3,68.8,63.4,68.3,64.8,28.8,9.0,25.6,63.7,65.4,70.8,24.1,46.6,63.4,64.2,32.6,35.7,40.7,64.5,62.3,61.1,62.6,30.4,38.7,60.1,29.1,66.4,46.6,64.6,11.7,19.6,64.4,64.0,66.7,26.8,24.9,67.1,51.4,53.0,63.8,59.9,63.6,31.1,65.6,60.1,64.9,23.2,39.3,30.6,29.4,48.6,63.3,67.9,33.5,27.5,17.9,18.6,27.0,9.9,13.9,64.5,66.3,58.9,63.9,66.8,30.6,68.2,60.5,68.3,57.7,38.0,27.5,63.1,48.5,66.8,53.7,45.6,26.7,61.4,69.0,50.4,67.6,23.0,13.4,65.5,63.8,68.4,63.2,10.1,58.9,43.9,65.1,69.6,49.2,42.4,15.9,29.4,24.2,68.1,53.7,38.0,14.8,47.4,66.1,64.7,66.3,66.0,19.3,19.6,20.7,33.3,66.4,34.8,62.0,59.8,12.7,68.0,66.1,17.3,29.0,46.5,31.9,65.1,58.5,65.1,29.1,56.7,62.6,64.6,43.8,62.4,60.7,63.6,61.1,64.4,61.9,61.4,33.8,61.3,69.4,64.2,43.7,62.1,23.4,62.9,65.5,67.3,13.7,70.1,39.9,33.0,63.8,58.2,50.9,62.3,50.9,17.3,53.2,60.0,57.3,67.7,65.9,64.7,61.9,67.7,35.1,29.6,68.8,62.1,36.2,17.0,22.4,67.5,66.9,20.4,22.7,63.7,26.2,63.3,39.2,54.6,45.9,40.4,63.2,56.9,62.0,61.7,63.8,64.2,53.1,67.1,13.3,62.8,30.7,67.0,35.4,63.4,40.8,59.8,38.3,17.8,19.3,66.9,43.9,68.4,36.7,24.1,32.8,43.7,12.3,27.0,68.3,65.2,65.9,26.1,59.5,63.9,57.2,33.8,63.5,67.0,61.6,37.0,38.3,33.3,29.9,32.9,72.3,40.8,66.1,42.1,63.6,63.6,65.2,69.9,66.9,66.8,65.5,64.8,55.4,60.4,62.7,56.4,63.8,65.2,65.1,62.8,61.7,57.9,24.3,17.2,21.6,15.4,17.9,69.9,16.5,40.3,26.6,30.7,35.9,65.9,58.1,64.0,62.0,30.9,64.1,61.9,61.1,60.4,38.8,45.6,63.0,68.9,19.9,29.2,29.0,28.8,32.8,30.1,35.2,62.8,44.0,51.7,24.9,53.8,14.1,66.8,58.1,66.5,66.9,63.7,29.7,33.4,65.1,38.1,51.3,62.0,43.6,64.1
2017-05-22 17:30:00,71.9,17.8,53.4,27.8,56.5,68.3,10.6,20.4,13.9,14.4,17.1,31.0,55.8,56.3,63.4,22.9,63.9,22.1,50.7,58.7,46.1,59.2,35.9,33.7,57.4,67.8,21.6,68.3,64.6,67.5,64.6,29.6,8.7,27.5,63.5,66.5,72.1,21.5,33.4,60.5,63.7,33.4,35.2,58.5,65.2,62.8,13.7,62.1,25.5,51.2,28.4,27.0,67.4,47.2,67.5,12.6,19.4,67.9,63.1,66.8,31.4,22.4,65.5,37.4,52.1,61.6,60.1,64.4,54.0,65.5,60.1,63.4,31.1,35.7,35.2,26.7,37.6,64.1,67.2,28.3,27.5,20.8,19.6,35.8,14.8,18.3,60.3,66.7,60.9,68.9,66.9,37.9,67.6,54.0,67.8,56.1,24.7,29.3,64.3,39.8,56.8,33.4,41.4,25.0,53.3,68.9,23.6,69.4,16.8,15.4,65.8,63.8,68.4,22.8,16.9,24.2,32.3,65.1,69.5,24.6,51.2,14.8,56.9,22.7,69.0,61.2,37.2,12.0,61.8,64.5,64.5,66.7,66.5,16.3,23.0,18.8,32.0,65.8,33.6,62.6,62.0,14.5,69.7,67.0,31.7,28.5,40.6,42.3,65.1,61.1,65.1,40.3,55.4,62.0,63.6,58.0,66.5,61.7,63.4,61.5,64.7,62.7,61.0,34.0,62.0,69.4,64.4,43.6,54.9,23.0,64.8,65.7,67.5,65.1,64.1,33.4,25.0,63.8,31.8,42.3,52.8,64.3,18.6,49.6,60.2,59.9,63.4,67.6,66.6,65.3,68.1,33.0,30.4,70.0,61.8,31.7,16.3,26.2,57.9,63.6,19.1,15.5,63.3,21.1,63.6,38.2,52.8,46.3,34.5,62.9,52.7,61.0,57.3,65.1,64.2,39.3,66.5,11.9,62.7,32.4,68.3,46.2,65.0,45.1,61.0,34.3,31.5,27.8,65.0,43.7,68.7,33.5,23.3,32.5,50.7,11.6,26.6,66.0,64.5,65.6,29.1,60.2,63.9,62.4,28.5,63.0,67.9,63.8,53.8,33.4,20.9,27.0,59.7,71.7,43.1,65.2,41.5,65.2,66.9,65.8,63.6,67.3,65.9,64.7,67.5,55.8,62.8,62.7,65.6,65.7,65.7,66.2,66.3,62.3,13.6,14.7,19.1,25.2,12.5,15.0,65.4,16.1,38.9,25.6,40.1,40.3,67.1,65.7,64.6,61.0,64.5,63.7,60.0,59.9,64.9,62.7,64.4,62.9,68.1,14.9,20.8,25.2,30.3,34.0,27.2,26.0,60.7,42.7,51.7,19.8,55.6,15.2,69.6,48.2,65.7,67.0,64.3,20.0,29.6,63.6,37.7,56.9,56.5,63.7,66.1
2017-05-29 17:30:00,69.1,63.8,68.0,66.6,70.4,67.2,66.3,65.1,66.2,66.7,66.6,66.2,63.5,68.4,64.4,66.5,66.0,66.6,50.7,64.4,64.4,59.3,69.4,62.2,68.9,69.9,65.5,69.2,64.8,68.9,66.2,64.1,66.5,66.2,66.5,58.6,71.5,68.7,67.6,66.1,68.7,63.8,62.3,62.1,67.5,64.8,67.8,62.3,65.1,64.8,65.2,67.6,68.6,65.6,66.9,65.3,72.1,72.1,66.7,67.5,66.3,66.9,66.5,67.2,62.1,69.2,59.2,65.5,66.3,67.1,68.2,64.8,63.5,65.7,60.1,64.7,68.7,67.7,69.3,68.0,63.7,66.3,66.6,61.0,68.2,65.2,67.2,66.7,61.2,68.6,67.6,65.9,68.4,65.5,70.1,64.4,65.9,66.9,65.7,66.5,70.1,62.7,68.9,67.9,56.6,69.6,65.7,71.3,66.0,71.3,65.2,63.8,70.9,66.1,67.0,62.3,65.9,65.1,70.4,65.9,66.2,66.8,67.4,64.3,69.8,63.1,66.8,65.6,70.4,65.7,65.4,66.2,59.4,45.0,63.9,68.8,65.7,69.2,61.6,62.5,63.7,67.2,72.1,67.3,66.7,64.3,59.3,62.6,65.1,60.4,62.8,64.0,64.0,66.7,68.7,66.5,70.7,67.2,63.3,62.1,68.9,62.0,62.5,50.2,70.5,65.6,63.8,61.1,67.9,62.1,65.6,64.8,69.2,67.6,68.1,69.4,63.4,63.8,67.9,67.0,67.9,66.9,65.3,56.3,61.3,63.2,68.8,69.6,69.1,63.8,69.0,67.0,65.7,69.6,66.2,64.9,67.5,67.2,67.2,67.8,70.7,65.3,63.2,63.4,65.9,66.7,67.5,68.0,64.4,67.9,64.1,63.5,68.5,66.1,62.5,64.7,66.1,67.8,64.3,65.4,67.8,64.7,64.3,64.8,64.7,65.1,65.8,65.7,65.5,63.5,69.5,57.1,64.6,68.5,68.0,64.0,66.2,69.5,65.8,64.7,63.8,60.7,63.9,63.2,64.5,67.1,69.9,64.2,67.8,65.0,68.4,63.6,64.4,70.5,68.3,65.5,63.1,68.0,67.6,67.7,69.5,67.4,66.6,68.0,65.6,66.7,66.4,66.0,58.2,66.5,66.2,68.2,67.0,64.4,64.9,57.5,64.5,62.9,63.3,53.6,67.0,64.6,63.7,64.0,57.0,60.5,69.1,67.4,68.9,65.3,66.0,67.2,63.7,63.5,66.9,34.4,64.6,66.0,69.8,66.3,65.9,58.5,53.5,36.6,65.8,66.0,67.2,52.9,48.4,66.9,62.0,48.3,69.3,65.6,67.0,69.7,64.6,67.3,64.6,69.0,58.8,70.6,66.9,69.3,68.0
2017-06-05 17:30:00,70.3,20.2,42.3,34.6,55.6,65.4,18.8,45.0,17.4,13.3,55.9,41.7,58.3,38.4,64.6,23.8,66.0,23.2,50.7,58.9,49.3,56.6,49.1,37.6,58.4,63.4,20.8,66.8,62.1,65.8,65.0,26.4,10.2,48.8,64.0,59.2,67.4,21.9,23.9,64.5,61.3,26.4,34.8,30.1,66.1,34.8,64.1,61.8,30.6,39.6,62.3,28.1,65.1,45.9,61.2,11.8,18.2,66.7,62.5,65.6,29.4,23.2,65.8,38.5,55.8,61.7,60.7,65.2,40.4,65.2,65.0,59.1,25.2,34.2,57.5,20.3,39.8,63.2,66.1,22.3,22.6,22.7,19.2,47.9,39.9,19.6,64.1,65.4,57.4,67.2,64.6,52.5,66.9,28.6,66.8,58.3,28.3,26.6,61.4,58.9,62.6,44.3,42.7,25.6,54.2,68.4,27.0,65.2,25.4,31.4,64.2,63.8,68.8,21.4,14.1,55.3,31.1,65.1,67.0,27.9,40.8,14.5,52.4,36.0,67.9,49.1,37.2,22.2,64.6,61.1,63.5,64.1,66.9,20.8,29.5,18.2,36.5,65.7,34.7,64.2,61.6,17.8,69.2,64.3,30.0,28.6,52.2,43.6,65.1,56.3,62.9,32.4,49.3,62.2,65.0,61.5,65.8,57.7,62.5,63.0,61.5,60.2,60.9,36.2,60.9,66.5,63.6,44.8,59.4,25.6,61.8,64.8,67.7,61.9,67.1,32.0,20.7,63.8,55.5,52.4,57.9,48.6,17.2,50.5,63.9,60.0,59.8,62.9,60.9,63.8,67.5,35.9,34.6,67.9,63.0,33.3,17.8,26.3,65.8,32.5,20.3,19.7,62.7,22.1,63.7,37.8,51.1,41.6,28.8,64.9,34.9,60.8,56.3,64.1,63.9,41.0,64.7,15.9,60.3,34.3,63.0,52.1,61.1,44.4,57.8,38.0,22.5,21.9,66.2,45.2,67.6,34.1,25.1,35.2,50.4,12.1,26.6,66.7,64.2,64.6,47.9,60.6,63.9,36.8,32.6,60.5,63.1,59.4,49.7,33.6,17.0,17.0,59.8,69.0,40.8,65.8,42.7,66.4,67.3,65.6,69.7,68.1,65.4,66.5,61.9,59.3,62.7,61.1,64.3,64.0,63.1,65.4,56.4,60.1,15.6,18.6,20.4,42.3,31.7,16.6,66.0,17.3,54.3,56.1,67.1,58.2,66.7,67.1,66.0,61.5,65.7,61.8,62.1,61.1,64.0,62.9,63.1,61.8,67.6,17.1,25.7,51.6,24.2,27.9,29.1,28.9,61.5,44.0,36.2,19.7,60.2,17.4,68.2,48.4,64.3,63.3,66.7,26.8,57.9,64.8,40.8,62.8,54.4,42.1,65.6
2017-06-12 17:30:00,71.7,20.0,37.7,28.9,54.9,66.3,16.1,23.8,13.6,12.0,56.2,23.9,26.3,56.8,63.2,25.0,61.7,21.6,50.7,60.1,42.7,68.1,44.3,39.9,65.6,62.1,21.8,66.9,60.4,53.4,64.4,25.1,10.3,60.7,63.2,63.1,67.9,24.1,54.0,63.8,46.2,23.2,36.9,34.9,65.3,56.0,63.3,50.1,22.0,36.3,63.3,26.1,65.4,29.0,60.2,10.2,20.2,65.8,59.5,65.0,24.1,22.4,65.8,59.9,54.6,61.9,60.0,63.0,29.1,65.1,63.5,60.2,20.9,33.8,47.8,29.4,36.2,62.3,68.0,22.4,29.6,23.6,19.4,32.9,13.7,33.8,61.7,63.8,58.9,67.0,64.9,33.7,66.3,44.1,67.0,25.4,25.6,23.8,61.6,42.5,58.9,32.7,41.5,24.6,64.3,68.6,29.2,64.5,23.2,16.8,64.8,63.8,68.1,18.4,14.8,56.6,38.9,65.1,68.1,27.1,38.4,15.4,52.1,53.8,67.6,50.6,37.8,17.9,64.4,64.0,62.9,63.8,68.1,22.0,16.6,20.7,35.1,65.6,39.4,49.0,61.5,14.0,65.8,65.0,38.6,27.9,45.4,30.6,65.1,51.3,61.7,30.0,50.5,60.7,61.7,19.5,54.5,53.8,63.6,59.7,57.4,60.0,59.5,34.3,62.3,64.8,62.8,44.4,59.0,26.4,61.5,65.5,67.4,27.8,66.2,53.3,44.8,63.8,23.8,41.9,42.9,62.3,18.6,49.3,42.6,60.4,48.9,63.3,61.9,63.8,68.5,37.1,33.6,67.9,62.8,31.7,21.6,27.0,67.9,62.1,19.8,18.0,62.8,21.5,62.2,36.4,58.9,57.5,30.9,63.1,58.6,60.6,57.2,64.0,63.5,59.6,64.8,19.8,54.3,29.7,64.4,44.3,62.4,43.8,55.4,32.1,19.3,18.0,66.4,45.7,68.5,33.9,25.8,35.1,51.3,11.5,25.7,67.4,64.1,63.9,58.9,51.0,63.9,43.7,32.9,62.3,63.2,60.7,50.6,31.4,21.3,21.6,37.2,71.1,36.2,56.7,39.9,60.2,68.0,66.1,67.5,67.4,65.5,66.7,68.5,45.8,62.7,54.2,60.4,65.1,64.4,65.9,63.9,64.3,13.1,15.0,21.7,29.5,11.0,11.4,63.9,16.3,38.3,28.9,36.9,39.9,64.5,67.1,65.0,60.8,62.5,64.9,57.4,60.2,63.3,62.3,61.9,61.9,66.6,18.6,30.2,52.7,24.1,23.2,30.1,29.5,35.7,39.8,28.7,24.3,45.9,15.6,67.7,49.6,65.7,67.8,68.5,23.8,32.4,62.9,42.1,66.1,61.3,63.2,64.6
2017-06-19 17:30:00,69.5,26.3,48.1,31.1,55.3,66.8,27.0,52.4,40.1,12.9,64.5,32.7,57.1,61.1,61.8,23.6,64.6,21.1,50.7,57.0,32.8,64.9,62.0,65.3,64.4,60.4,20.4,65.1,62.6,50.0,64.5,25.9,11.3,27.4,64.0,66.2,71.3,41.3,46.8,64.3,46.6,25.6,35.4,57.3,66.2,50.1,62.3,68.2,35.2,37.2,63.8,26.3,65.5,40.5,62.9,10.8,20.5,66.4,62.1,64.5,31.9,23.3,64.8,60.9,54.2,61.4,58.6,63.7,48.6,58.8,64.5,57.9,28.3,41.0,44.1,28.1,36.8,62.8,65.4,22.8,28.5,20.6,19.3,58.4,17.2,38.2,65.9,65.1,59.6,66.5,64.0,38.9,65.5,43.8,66.9,56.2,27.9,27.9,62.5,56.9,66.6,53.5,48.5,24.7,60.7,69.0,27.4,62.9,24.2,18.0,65.4,63.8,67.9,19.0,18.7,62.4,33.7,65.1,68.5,60.9,57.1,15.0,53.6,26.4,68.0,67.3,38.0,66.9,62.9,60.9,63.0,64.5,54.0,21.5,26.3,19.0,38.3,64.3,41.4,59.9,60.1,55.8,67.3,64.3,42.6,41.7,51.6,63.9,65.1,54.3,65.1,34.9,48.2,59.1,62.6,60.4,64.7,56.3,60.1,61.1,60.1,61.1,59.1,31.6,61.4,68.5,64.2,44.3,61.0,27.6,60.8,64.1,66.6,33.9,60.7,40.1,30.1,63.8,56.1,49.6,58.7,65.9,18.9,48.8,57.6,58.1,56.0,62.2,60.9,63.8,66.0,51.0,48.9,67.4,61.9,31.5,25.2,27.2,57.4,57.5,30.2,24.6,60.6,24.3,61.2,42.9,61.4,61.5,40.7,61.3,55.2,63.7,56.5,63.6,58.8,60.4,66.2,21.0,54.5,30.5,62.8,47.0,61.2,44.1,57.2,36.7,26.6,26.4,64.9,45.4,68.3,38.0,27.1,35.0,43.5,18.1,54.4,67.2,64.5,63.8,33.0,59.0,63.9,57.3,31.6,60.2,66.2,59.6,50.9,32.7,23.0,22.3,39.8,70.1,39.1,67.1,39.6,65.6,70.2,67.9,45.2,3.0,4.8,8.6,3.0,61.8,64.2,64.2,4.4,64.2,63.1,62.0,62.8,25.1,9.0,10.7,60.1,58.4,38.1,43.2,65.0,59.1,54.4,60.1,59.2,57.6,64.9,65.3,64.4,61.4,61.1,61.4,63.0,56.0,62.0,61.7,63.1,60.8,67.1,20.5,40.9,57.5,24.1,23.6,29.1,36.8,58.7,39.7,37.6,25.3,59.6,58.3,67.1,46.5,65.7,64.0,66.2,30.0,58.3,60.1,65.8,69.1,61.4,67.0,64.6
2017-06-26 17:30:00,71.2,17.8,37.9,35.8,69.0,67.3,40.5,50.8,68.2,12.8,39.9,38.2,57.0,64.6,64.8,24.2,61.4,19.2,50.7,67.5,32.7,65.1,56.1,41.2,60.7,63.9,21.7,65.9,64.4,58.7,66.1,25.7,11.9,31.6,64.7,61.7,67.2,26.9,55.4,62.5,46.8,30.2,36.4,49.7,64.2,38.8,31.5,69.8,29.4,34.9,63.0,29.3,66.9,36.7,66.6,10.8,19.0,67.3,65.3,66.4,26.5,28.0,65.2,52.5,55.8,65.2,60.1,59.0,31.1,64.0,65.7,64.8,28.3,36.8,41.4,22.4,44.5,63.4,68.7,21.0,26.9,21.4,14.7,62.4,13.7,35.3,62.5,66.7,59.3,67.2,66.3,43.5,65.7,34.3,60.1,57.0,27.1,29.2,59.8,62.8,63.0,52.7,43.3,28.0,61.1,68.3,40.2,66.1,21.3,15.0,65.7,63.8,66.3,21.3,15.2,46.1,34.3,65.1,67.3,24.9,64.0,16.3,54.9,21.7,67.1,68.1,37.8,25.6,63.8,62.0,64.6,64.2,66.4,17.7,24.8,17.1,34.6,66.4,37.3,62.0,59.8,14.2,68.2,65.6,26.0,28.2,49.9,33.9,65.1,59.0,65.1,34.4,59.4,62.2,64.2,55.5,66.9,58.7,61.1,57.9,66.3,62.5,61.6,34.5,61.9,68.5,65.7,45.2,61.1,23.9,66.0,63.4,66.2,64.3,64.1,37.6,27.6,63.8,48.9,47.9,60.3,62.0,15.6,48.6,59.8,57.3,61.2,64.9,64.2,63.8,67.9,35.1,34.3,68.9,62.6,29.1,15.6,25.5,55.1,63.3,26.3,20.0,62.2,23.1,63.2,41.3,63.8,64.7,41.1,63.3,59.2,62.7,59.0,63.9,63.5,53.6,66.0,20.9,55.3,30.6,64.8,46.0,61.9,45.2,58.3,37.2,25.0,22.8,66.6,45.4,69.7,37.9,22.7,34.4,53.5,10.6,25.9,67.9,60.2,65.7,26.7,59.9,63.9,61.5,35.8,62.6,64.3,61.5,52.2,37.9,23.4,17.6,59.5,71.0,40.9,66.4,42.7,63.7,66.1,66.8,67.8,67.8,68.0,67.6,67.2,57.7,61.7,63.9,54.0,65.9,65.4,67.3,64.6,65.3,16.2,17.9,22.3,30.0,31.6,16.1,66.3,18.6,39.0,31.0,38.6,38.3,66.9,64.4,64.6,60.0,62.7,58.8,61.6,60.8,63.9,60.4,63.5,60.2,68.5,20.5,33.7,52.3,28.3,36.3,29.2,31.0,59.8,40.4,52.9,18.7,55.2,16.2,68.7,50.4,66.7,63.6,65.3,27.4,60.1,62.7,50.7,61.8,62.1,71.5,62.8
